{
  "project_info": {
    "project_number": "514797746798",
    "firebase_url": "https://rating-30e88-default-rtdb.firebaseio.com",
    "project_id": "rating-30e88",
    "storage_bucket": "rating-30e88.appspot.com"
  },
  "client": [
    {
      "client_info": {
        "mobilesdk_app_id": "1:514797746798:android:f5cf7cdb6ade7c1d61447f",
        "android_client_info": {
          "package_name": "com.ayan.rating"
        }
      },
      "oauth_client": [
        {
          "client_id": "514797746798-s3eofn5kja2r3qk1uh8m6t3qba0i8rg4.apps.googleusercontent.com",
          "client_type": 3
        }
      ],
      "api_key": [
        {
          "current_key": "AIzaSyBGviWgMboeoDakkIhItKzxevPFcgogfZk"
        }
      ],
      "services": {
        "appinvite_service": {
          "other_platform_oauth_client": [
            {
              "client_id": "514797746798-s3eofn5kja2r3qk1uh8m6t3qba0i8rg4.apps.googleusercontent.com",
              "client_type": 3
            }
          ]
        }
      }
    },
    {
      "client_info": {
        "mobilesdk_app_id": "1:514797746798:android:d333d4aee9c873f061447f",
        "android_client_info": {
          "package_name": "com.kazimasum.razorpaydemo"
        }
      },
      "oauth_client": [
        {
          "client_id": "514797746798-s3eofn5kja2r3qk1uh8m6t3qba0i8rg4.apps.googleusercontent.com",
          "client_type": 3
        }
      ],
      "api_key": [
        {
          "current_key": "AIzaSyBGviWgMboeoDakkIhItKzxevPFcgogfZk"
        }
      ],
      "services": {
        "appinvite_service": {
          "other_platform_oauth_client": [
            {
              "client_id": "514797746798-s3eofn5kja2r3qk1uh8m6t3qba0i8rg4.apps.googleusercontent.com",
              "client_type": 3
            }
          ]
        }
      }
    }
  ],
  "configuration_version": "1"
}